,A0,A1,A2,A3,A4,B0,B1,B2,B3,B4,C0,C1,C2,C3,C4,D0,D1,D2,D3,D4,E0,E1,E2,E3,E4
0,39.74,46.82,14.216666666666669,32.163333333333334,27.235,44.17,11.4925,45.8025,33.295,15.18,53.13,47.375,44.84,22.2275,42.39666666666667,28.98333333333333,27.13,21.295,10.1675,57.57666666666666,44.345,27.276666666666667,24.92,49.84333333333333,48.965
1,36.975,43.723333333333336,47.10666666666666,41.63333333333333,18.87,47.676666666666655,54.00749999999999,44.3925,72.56,43.92333333333334,27.45,40.235,41.2175,50.14,54.35666666666666,47.03666666666666,41.4475,47.7325,42.0275,39.42333333333334,40.0,27.096666666666664,40.08666666666667,46.46666666666667,41.505
2,38.235,59.676666666666655,42.18,39.21333333333333,38.215,46.07666666666666,45.3025,51.2525,42.435,49.13666666666666,41.370000000000005,41.97,42.2375,42.99,35.85333333333333,50.35666666666666,44.2975,45.9275,41.635,46.63999999999999,36.385000000000005,43.64333333333334,41.31333333333334,1697.11,36.92
3,40.71,45.46333333333334,50.650000000000006,57.833333333333336,34.575,39.370000000000005,45.2225,41.2025,49.97749999999999,55.156666666666666,47.75333333333333,50.61749999999999,42.9875,43.9,40.42666666666667,42.70000000000001,48.335,48.55,47.5225,48.336666666666666,39.645,42.82,48.23666666666667,47.42,42.26
4,37.795,56.05333333333334,48.836666666666666,41.35666666666666,40.825,48.45666666666667,50.1175,51.77250000000001,48.205,48.71,54.84333333333333,56.355,43.932500000000005,68.8875,52.77666666666666,47.43000000000001,70.905,45.940000000000005,45.835,69.35333333333334,36.49,54.50666666666666,59.26333333333333,62.78333333333333,37.405
5,37.17,45.45666666666667,45.26666666666667,49.370000000000005,40.265,61.88333333333333,42.955,61.7775,60.3325,41.74333333333333,45.303333333333335,52.225,52.9475,47.94,53.79666666666666,47.53666666666666,47.0025,46.935,43.395,45.10666666666666,36.775,49.18333333333334,50.833333333333336,49.86666666666667,39.17
6,37.0,66.06333333333335,55.07333333333333,62.18000000000001,39.115,46.01666666666667,49.67999999999999,47.035,63.91,122.41333333333334,57.900000000000006,61.837500000000006,54.565,95.085,50.25666666666666,62.92666666666667,61.9625,58.182500000000005,67.66,67.46666666666667,38.09,52.13,47.91333333333333,58.330000000000005,39.82
7,37.86,54.34,86.71999999999998,61.48999999999999,38.89,38.36,54.895,46.3175,43.45,46.586666666666666,58.403333333333336,50.6,54.6225,51.9875,44.61666666666667,60.06999999999999,47.0125,56.6925,57.205,47.74,39.02,45.26666666666667,50.48666666666667,53.64333333333334,39.83
8,41.7,44.29,44.99333333333334,51.77666666666667,37.51,45.73,65.2975,50.4675,109.735,50.00666666666667,56.71,67.385,60.33,82.42750000000001,43.803333333333335,43.25,64.4375,57.1675,76.07000000000001,57.626666666666665,37.25,45.06333333333333,48.126666666666665,59.76666666666667,38.585
9,40.64,51.303333333333335,47.336666666666666,52.19333333333333,36.41,58.77,59.80499999999999,65.14,63.855,51.44,47.81666666666667,57.7075,58.1125,60.9925,52.196666666666665,53.12333333333333,48.865,65.2025,63.97,46.21,35.51,40.68666666666667,47.76333333333333,50.083333333333336,40.19
10,37.78,47.07333333333333,60.96666666666667,52.30666666666667,37.415,47.98333333333333,55.6625,60.70250000000001,61.0475,54.080000000000005,55.28333333333333,67.39,61.7425,60.3,66.48333333333333,61.883333333333326,47.61,55.870000000000005,59.2,50.59666666666666,35.77,48.04666666666666,50.25333333333333,52.05,37.845
11,39.705,57.40333333333333,55.31,65.87666666666668,37.76,43.703333333333326,75.2525,59.20250000000001,60.2125,44.84333333333333,49.46333333333333,68.2,72.595,78.255,52.79666666666666,56.07,64.39,52.6,55.125,51.25,39.08,54.27333333333334,49.26333333333334,60.68666666666667,37.97
12,40.16,51.95666666666667,51.376666666666665,61.38666666666666,37.275000000000006,41.85,60.4725,69.2125,52.1475,43.946666666666665,51.00333333333333,60.0425,74.4175,55.445,61.00999999999999,44.67333333333334,64.39,61.8025,61.75,45.836666666666666,38.885000000000005,49.333333333333336,54.07999999999999,47.82333333333333,38.535
13,38.015,63.16666666666666,60.88,61.88999999999999,38.41,43.03333333333334,68.955,56.495,74.8375,52.92,64.91000000000001,88.955,58.92,68.7725,56.676666666666655,53.15,65.5025,61.1525,80.5275,60.34333333333333,38.5,47.01333333333333,61.55,46.01,39.635000000000005
14,37.235,53.21666666666667,76.25,46.59333333333333,39.13,43.866666666666674,58.07,60.825,64.36250000000001,54.69,45.03,56.73,66.35,55.95,47.17666666666667,46.53666666666667,53.9775,70.3925,52.96249999999999,43.16,37.255,46.46,50.88666666666666,46.24333333333334,39.04
15,37.16,46.870000000000005,80.21333333333332,51.84666666666667,37.3,50.18333333333334,52.725,60.3875,90.17000000000002,50.13666666666666,44.29,85.1575,53.62,96.495,53.95333333333334,67.52666666666666,81.45500000000001,72.0975,76.8675,42.34666666666667,37.52,54.153333333333336,47.26666666666667,60.41,38.52
16,40.04,44.71333333333334,59.56,45.31,37.605,51.373333333333335,47.885,60.66,58.335,49.970000000000006,48.24666666666667,63.5725,75.2625,74.745,42.82666666666666,48.26333333333333,52.26,67.3875,52.59,40.71666666666667,38.760000000000005,57.72333333333333,52.623333333333335,52.900000000000006,38.485
17,38.755,54.49,79.28,51.24333333333334,38.485,46.82666666666666,59.6925,122.58,78.02250000000001,56.52,48.11333333333334,65.19749999999999,71.3375,74.05499999999999,54.50666666666666,58.76666666666667,73.8525,91.9225,51.1075,39.56,38.16,52.55666666666667,55.03333333333333,52.84333333333333,38.67
18,37.870000000000005,54.623333333333335,63.23666666666666,56.18000000000001,37.44,43.13,58.27,50.005,88.19,51.35333333333333,58.96666666666668,69.53,63.535,71.31,51.10999999999999,55.42333333333334,58.2125,72.65249999999999,49.3475,63.22,38.785,49.906666666666666,44.223333333333336,70.50666666666667,37.92
19,36.43,58.99333333333333,64.25333333333334,45.73666666666666,38.195,45.38333333333333,58.9375,65.9375,77.2025,56.39333333333334,63.73333333333334,72.2325,64.795,76.33250000000001,43.53666666666667,51.75666666666667,64.265,88.14000000000001,51.5425,52.66333333333333,38.36,55.94,60.15,69.47333333333333,37.48
20,37.485,57.13,63.96333333333333,53.49,37.540000000000006,49.70666666666667,68.405,60.78,108.355,53.06333333333333,57.55333333333334,95.09,54.0,76.0325,47.29333333333333,48.43666666666667,67.7325,70.08500000000001,64.03,49.626666666666665,36.8,56.25999999999999,62.553333333333335,51.703333333333326,38.935
21,38.73,62.76666666666667,55.19333333333333,49.60666666666666,37.865,43.74333333333334,52.89,61.4875,80.845,49.03,52.333333333333336,66.7775,68.73,60.295,51.63666666666666,53.723333333333336,61.205000000000005,71.85249999999999,52.995,48.970000000000006,37.15,55.60666666666666,55.24,48.56666666666666,36.385
22,39.010000000000005,80.64333333333333,61.85333333333333,52.97333333333333,39.35,51.25333333333333,57.9925,62.7125,105.61,74.83,55.57,117.6975,64.68,68.1225,44.69333333333333,59.77,81.33,59.8375,64.955,54.20333333333334,37.61,49.56666666666666,53.81666666666667,47.90333333333333,37.85
23,37.765,67.17666666666666,64.01666666666667,43.75,39.93,47.51333333333334,57.535,68.2775,65.1325,49.333333333333336,55.25,79.47749999999999,55.3775,65.395,58.50333333333333,60.29666666666666,59.915000000000006,71.625,52.995,52.11333333333334,38.615,43.78,73.87333333333333,53.3,38.885
24,37.45,99.77666666666669,62.78666666666667,57.086666666666666,39.905,48.43333333333334,56.0075,64.5975,103.9625,47.373333333333335,52.64666666666667,151.60000000000002,66.2175,70.575,57.09333333333333,55.60333333333333,95.4175,84.0375,83.44749999999999,51.2,37.745000000000005,58.28,62.65666666666667,70.79333333333334,36.325
25,37.345,80.60000000000001,50.96666666666666,49.70333333333334,38.295,48.23333333333334,52.712500000000006,65.2375,91.69,51.13999999999999,68.39,86.9225,64.005,66.015,63.45333333333334,46.43,72.8475,75.25250000000001,50.3225,56.95333333333334,37.94,45.63,68.14333333333333,52.91666666666666,37.075
26,36.625,91.47666666666667,72.81666666666666,61.24999999999999,37.78,54.830000000000005,59.76500000000001,67.64,76.35000000000001,61.53,54.39333333333334,82.025,61.8725,78.86,78.30666666666667,55.38,70.675,91.17,58.605,45.21333333333334,36.1,42.31666666666667,82.46333333333334,54.07,37.685
27,37.635000000000005,64.14333333333333,63.303333333333335,44.79,38.315,48.34666666666667,53.0225,67.435,85.2775,55.56666666666666,60.95,86.95750000000001,65.0775,70.39750000000001,72.17333333333333,44.73666666666667,70.19999999999999,75.2725,61.0275,47.68333333333334,36.175,43.78333333333333,64.08999999999999,48.73666666666666,36.365
28,38.59,63.27333333333333,53.56666666666666,49.123333333333335,40.105,48.53,60.705,72.255,73.9475,62.82333333333333,58.32999999999999,73.455,71.54,63.115,81.38,45.06666666666666,71.4875,96.1,53.9475,49.53666666666667,38.205,42.97666666666667,58.06,48.080000000000005,37.465
29,37.495000000000005,79.28666666666668,49.02333333333333,53.52333333333333,38.595,47.083333333333336,67.07,65.9825,69.80000000000001,62.67333333333334,54.91666666666666,61.385,55.605,70.035,67.32333333333334,61.22666666666667,79.5275,77.485,50.69,50.14666666666667,37.26,42.2,79.01333333333334,60.93666666666667,39.53
30,36.615,64.04666666666667,61.06999999999999,41.72,37.52,53.406666666666666,51.685,83.4625,60.8825,48.06666666666666,50.673333333333325,55.485,64.04,61.17,68.87333333333333,58.64666666666667,56.32749999999999,85.3525,51.6425,45.22,37.755,43.38999999999999,69.97666666666666,56.56999999999999,38.82
31,37.96,71.08666666666666,49.85999999999999,41.41,38.04,51.93666666666667,68.525,60.8625,91.475,60.52,59.78666666666667,82.21,57.182500000000005,95.5375,69.07333333333332,66.72666666666667,83.3475,70.4725,53.0225,56.95,38.58,46.07666666666668,66.16,54.70666666666667,39.865
32,39.245000000000005,59.63666666666666,53.97333333333333,43.69,38.785,47.366666666666674,58.7775,58.63250000000001,84.8575,61.10999999999999,57.70000000000001,62.14,57.38249999999999,62.065,65.76666666666667,51.4,54.59,60.3,45.465,50.56666666666666,38.495000000000005,48.16333333333333,74.70333333333333,66.24000000000001,39.22
33,38.23,56.85999999999999,85.72666666666667,56.36666666666667,37.775,51.28666666666667,62.4575,63.8225,73.9725,67.94,65.77333333333333,74.9,74.3925,103.5575,66.05,79.81666666666666,71.98,73.44500000000001,72.61500000000001,50.66333333333333,37.625,45.96333333333333,67.14666666666666,52.47,39.66
34,35.4,65.49,53.126666666666665,48.18333333333334,40.525,59.96,55.165,68.07249999999999,52.465,60.55666666666667,51.24,61.0975,65.75750000000001,75.35750000000002,57.86333333333332,56.85999999999999,55.855,72.0,60.24,45.70333333333334,37.175,58.89333333333334,74.33,58.26333333333334,38.595
35,36.615,62.21333333333333,67.40666666666667,42.35666666666667,38.43,59.54666666666666,69.2825,85.7575,76.6275,56.55666666666667,50.81666666666666,74.66499999999999,73.755,84.7775,57.473333333333336,75.78,78.7575,102.74,81.18,49.26666666666667,38.66,54.66666666666666,87.77666666666669,57.66666666666666,38.34
36,36.295,67.46666666666667,60.123333333333335,47.24666666666667,36.02,44.83666666666667,54.5925,59.4075,72.30250000000001,60.370000000000005,54.97333333333333,80.09,57.435,72.7525,55.903333333333336,58.75666666666667,65.50999999999999,60.2325,71.03,45.91,37.415,59.77666666666666,108.84,64.19333333333333,37.95
37,37.61,62.53,57.6,49.65,37.665,53.36333333333334,61.75,66.1825,69.0525,71.33333333333333,49.873333333333335,61.995,72.98,77.095,64.81333333333333,62.71666666666667,57.65,90.4625,73.735,50.870000000000005,39.05,65.86999999999999,97.54333333333334,64.75333333333333,37.33
38,35.835,64.93666666666668,55.71333333333334,48.61666666666667,38.615,46.54666666666666,70.02,57.2875,76.4875,75.44333333333333,50.15333333333333,57.1575,63.84,77.02000000000001,68.33333333333333,63.68333333333333,70.275,67.63250000000001,76.8175,49.406666666666666,38.985,69.50333333333334,114.23,69.01,37.86
39,37.155,55.52666666666666,50.05333333333334,48.16333333333333,38.595,50.92666666666667,59.0625,63.1675,57.2125,65.94333333333333,54.3,50.8625,75.565,69.685,61.74666666666667,47.49333333333334,59.27,74.93249999999999,52.5275,46.22,39.08,46.64333333333334,87.27333333333333,65.39333333333333,39.06
40,37.345,51.88666666666666,49.98666666666666,51.556666666666665,38.73,55.01,60.02,62.3825,65.5875,67.52666666666667,53.81333333333333,107.8925,64.54,124.905,58.836666666666666,61.63999999999999,103.2025,66.05499999999999,72.25750000000001,55.77,39.03,53.64666666666667,118.69333333333331,58.84,37.56
41,37.955,47.74,66.47666666666667,49.3,38.4,50.86000000000001,57.775000000000006,60.8225,54.2075,58.79666666666666,51.79999999999999,52.9125,63.260000000000005,69.6225,60.66666666666666,50.45666666666667,65.985,66.325,61.6625,48.383333333333326,37.73,64.08666666666666,107.02666666666666,52.79333333333333,38.370000000000005
42,38.57,53.29,57.86333333333334,63.91666666666666,39.08,53.77333333333333,80.20250000000001,70.475,86.045,64.3,58.57333333333333,76.49749999999999,70.7375,103.1625,64.14999999999999,55.626666666666665,87.29249999999999,76.17500000000001,63.305,59.626666666666665,37.66,57.82,106.68,63.3,38.885000000000005
43,37.4,46.09,55.68333333333334,67.66333333333334,39.795,50.26666666666667,62.3125,65.4825,66.255,71.67333333333333,54.74,60.5925,56.3725,68.61,53.09,49.14666666666667,67.4025,76.5425,49.5275,68.36666666666666,38.895,56.13333333333333,93.94666666666669,70.42,39.355
44,37.435,58.48,51.91333333333333,50.41,37.84,51.45666666666667,100.625,68.045,70.4825,86.75999999999999,60.34666666666666,65.2175,78.0675,86.38999999999999,58.2,66.33333333333333,83.6275,86.86500000000001,53.41,45.19333333333333,36.8,54.96666666666667,142.51333333333332,61.92,37.165
45,39.665,66.25333333333333,66.19666666666666,48.95000000000001,37.57,46.69,53.415000000000006,61.7775,63.425,63.653333333333336,58.91666666666666,70.705,73.965,87.70750000000001,60.68333333333334,73.64333333333333,73.3275,71.46000000000001,51.02,44.39333333333334,37.88,49.60333333333333,125.79333333333334,61.76666666666667,38.05
46,38.56,56.82333333333333,69.46333333333334,51.28,38.510000000000005,52.84666666666667,56.57,83.195,61.3725,61.05666666666667,81.22333333333334,62.572500000000005,94.3,78.8625,68.70666666666666,59.54666666666666,66.6875,109.7075,61.415000000000006,47.866666666666674,38.6,54.653333333333336,110.11333333333332,53.44333333333333,39.68000000000001
47,37.715,54.53,65.17999999999999,55.16,39.755,50.23333333333333,64.855,71.6275,66.44999999999999,67.11666666666666,77.85,69.2675,68.63499999999999,83.3625,73.40333333333332,63.29333333333333,85.14750000000001,77.8975,61.11999999999999,59.96666666666666,41.235,50.426666666666655,109.68666666666668,58.27,37.63
48,39.385,54.68000000000001,74.59666666666666,46.13,38.295,49.25666666666667,50.09,79.5825,51.805,65.26666666666667,67.40333333333332,49.32,73.595,69.28999999999999,67.04333333333334,74.11333333333334,71.18,73.8425,53.5725,64.11666666666666,39.825,42.07666666666666,96.17666666666666,58.39333333333334,39.83
49,39.445,59.06,76.65333333333332,49.85333333333333,38.405,50.41,65.565,84.42500000000001,71.43,57.373333333333335,83.54666666666667,58.8725,69.91,95.0425,65.73333333333333,89.29666666666667,89.1525,96.9125,73.355,75.61666666666666,39.105,46.403333333333336,113.29333333333334,74.28666666666668,38.515
50,39.34,52.63666666666668,72.13333333333333,50.48,39.505,54.01666666666666,52.5825,86.7925,59.5325,61.03333333333334,93.54333333333334,50.66,75.615,87.7525,64.85333333333334,58.86666666666667,78.8775,75.8725,58.3425,51.27,38.75,48.66666666666666,106.82,54.0,37.975
51,40.1,71.89333333333333,95.29666666666668,53.696666666666665,38.895,46.423333333333325,55.205,99.755,69.585,65.71333333333332,84.15,73.74249999999999,71.16749999999999,142.155,105.02,129.27666666666667,107.11499999999998,70.065,87.35249999999999,51.44333333333333,38.44,46.32333333333333,116.33666666666666,58.21333333333333,36.215
52,39.95,56.46666666666666,83.44,54.53333333333334,36.955,43.13666666666666,54.8575,127.41,70.85,66.36,59.75,57.4825,81.9025,86.19,58.74333333333333,65.79666666666667,74.9475,71.405,66.4825,51.17,38.405,58.96,107.4,64.95333333333333,36.545
53,39.29,59.79,71.45,63.25,38.265,55.41666666666666,71.5975,91.54,73.925,81.15,92.89666666666666,65.67,74.8575,119.0425,81.69333333333334,74.14333333333333,81.47999999999999,84.1525,61.885,48.01666666666667,37.195,47.13,144.85,53.52333333333334,37.22
54,37.25,57.26666666666667,78.57000000000001,56.93333333333334,36.815,49.30666666666667,67.5325,100.7175,76.83,70.51333333333334,70.02333333333333,70.02250000000001,79.53,82.945,74.01666666666667,64.15666666666667,98.6325,77.895,53.305,48.053333333333335,38.875,46.65,120.62666666666668,65.98666666666666,36.325
55,38.760000000000005,58.10999999999999,91.37,49.31,37.19,50.34666666666666,61.0775,137.5825,64.0625,96.2,82.89999999999999,52.78,77.66000000000001,86.695,78.38000000000001,70.69,83.1775,91.5875,58.115,53.220000000000006,37.455,49.38999999999999,107.27333333333333,60.06333333333333,38.045
56,38.290000000000006,75.14333333333333,85.10666666666667,64.95,38.47,53.223333333333336,85.9625,86.08500000000001,64.7975,91.18666666666668,99.24666666666668,55.2,57.9425,90.6075,78.75333333333334,81.92999999999999,95.6325,79.06250000000001,66.52250000000001,61.20000000000001,36.78,54.34333333333333,157.23666666666665,63.32333333333333,39.07
57,38.18,69.21,82.52333333333333,44.39333333333334,39.975,45.07333333333333,58.255,89.54749999999999,54.3775,86.88,99.99333333333334,52.0825,61.7225,75.7,88.08999999999999,98.20666666666666,77.6375,73.64999999999999,55.88250000000001,48.583333333333336,39.15,52.25,109.9,77.26333333333334,38.515
58,37.88,71.95333333333333,77.94999999999999,46.51,38.17,54.046666666666674,74.1425,105.045,80.6,120.4,94.98666666666666,73.0275,54.38,130.2975,107.09666666666664,135.29666666666665,111.3975,71.075,98.135,53.14000000000001,38.91,59.34,119.30666666666669,62.23666666666667,38.77
59,37.22,81.08333333333333,72.14,48.03333333333334,38.53,50.083333333333336,61.845,124.0575,53.8125,73.7,78.64999999999999,61.4275,70.5025,92.295,86.92333333333333,137.4333333333333,89.1625,84.78,51.1525,51.66,40.24,46.66333333333333,146.01666666666668,55.406666666666666,38.03
60,38.675,61.16,73.38333333333334,74.97666666666667,38.045,57.083333333333336,63.4825,104.66,68.015,85.27333333333333,139.12,95.3625,71.4025,104.12,81.46333333333334,99.20333333333332,82.43249999999999,77.485,60.8,46.02,40.315,67.15666666666667,169.74333333333334,80.13666666666667,37.885000000000005
61,38.975,53.25666666666666,75.76333333333334,52.18333333333334,39.44,44.086666666666666,51.307500000000005,92.21,60.48,80.51666666666667,72.68333333333334,54.405,66.38499999999999,80.795,100.58666666666666,84.74666666666667,75.39750000000001,78.4525,54.72,41.10666666666666,37.315,49.22666666666667,123.38,74.01666666666667,38.575
62,37.58,67.53,113.47999999999998,56.91666666666666,39.19,43.52333333333333,59.15,108.025,78.425,118.42666666666666,80.17999999999999,87.1,80.6875,89.6775,116.07333333333332,75.19999999999999,82.51,77.07499999999999,71.15,51.32333333333333,37.09,51.73666666666666,101.74333333333334,68.72,37.935
63,38.695,58.296666666666674,75.85666666666667,47.46333333333333,36.915000000000006,45.26,53.8575,99.5675,61.120000000000005,89.75,94.82333333333334,78.92750000000001,62.7225,81.70750000000001,114.95,88.83333333333333,95.3025,74.215,60.42,53.52,36.48,41.99333333333333,181.16666666666663,77.91000000000001,37.855
64,37.015,47.57,77.30666666666666,44.70333333333334,37.36,59.426666666666655,60.595,100.58,53.94500000000001,71.64,88.44666666666667,69.0625,76.685,74.9,137.48333333333335,66.69333333333334,88.84,93.925,58.3475,47.59666666666667,38.24,52.76,155.39,119.71333333333332,38.295
65,38.760000000000005,61.11666666666667,72.28333333333333,62.39666666666667,38.065,55.5,62.21,90.955,82.4,95.59333333333332,76.29333333333334,85.16499999999999,63.595,125.1575,149.45666666666668,70.04333333333334,96.015,73.8925,51.355,45.26,39.6,62.35666666666666,205.26666666666665,88.06666666666668,39.35
66,39.760000000000005,50.09333333333333,68.38666666666667,42.126666666666665,40.120000000000005,46.97666666666667,51.72749999999999,106.5125,65.41250000000001,74.33,104.49,61.727500000000006,59.6225,79.505,175.74,72.34333333333333,77.4275,73.035,60.48,53.66333333333333,36.905,53.51333333333333,187.55,74.62666666666667,38.415
67,36.96,58.43666666666667,99.28,47.96333333333333,37.49,44.32333333333333,73.3125,102.4425,80.84,115.89333333333332,127.90333333333336,88.8325,70.00999999999999,102.76,173.1833333333333,85.12333333333333,75.41749999999999,69.0,81.315,49.44,38.04,57.59666666666667,162.01,92.05,37.875
68,36.735,57.95333333333334,73.07666666666667,47.46,38.49,56.02666666666666,57.81,102.4475,69.3025,66.06333333333333,128.10666666666663,63.1125,67.77000000000001,83.33749999999999,136.26000000000002,61.97333333333333,91.06,102.57,55.40999999999999,48.690000000000005,37.89,45.2,162.83666666666667,75.61,37.615
69,37.445,54.28666666666667,66.19333333333333,50.13,36.385,49.806666666666665,64.1525,95.8625,87.50999999999999,75.15333333333334,159.22,88.485,53.290000000000006,85.6075,102.08666666666666,74.66000000000001,118.3375,74.52749999999999,96.125,48.93666666666667,38.365,55.02,149.58,102.92333333333332,36.855
70,39.34,54.71333333333333,59.723333333333336,61.24,41.05,53.92666666666667,53.7075,97.1875,75.015,52.57333333333333,90.64333333333332,77.00500000000001,55.4375,96.9975,135.34,53.21666666666667,68.9,81.3625,72.4025,45.20333333333334,42.205,48.98666666666667,171.68000000000004,90.89666666666666,40.14
71,41.215,49.02333333333333,57.123333333333335,56.50666666666667,37.88,55.18666666666667,63.377500000000005,122.76749999999998,79.225,61.59666666666666,99.57666666666668,99.1225,59.2,89.73499999999999,143.14666666666668,53.07333333333333,85.97999999999999,89.045,78.785,55.67333333333334,37.915000000000006,55.23666666666666,157.69666666666666,66.66333333333334,36.995000000000005
72,38.21,58.04666666666666,67.13666666666667,55.5,38.435,41.94,65.0875,96.2,70.065,55.7,93.71666666666664,74.745,55.6075,101.3125,129.85333333333335,50.13,78.335,67.8175,69.0025,42.06333333333333,37.49,54.34666666666667,135.97333333333333,71.14666666666666,37.615
73,37.86,64.41333333333333,61.26,47.16666666666666,37.620000000000005,45.580000000000005,68.8775,99.6575,64.38250000000001,71.42999999999999,107.83333333333331,73.0575,56.665000000000006,80.2025,126.75333333333332,60.88,78.0125,98.965,64.1875,43.1,38.61,41.45666666666667,133.05333333333334,87.97333333333334,38.83
74,40.65,71.76333333333334,56.35,50.24333333333333,36.85,43.09333333333333,65.8525,92.7625,72.91250000000001,78.68333333333334,110.31666666666666,73.5225,50.435,82.1725,239.7166666666667,52.6,87.91250000000001,75.5175,66.0775,50.443333333333335,38.14,42.85,159.57333333333335,102.14333333333332,37.965
75,38.56,73.53666666666668,73.28333333333333,43.173333333333325,37.95,47.126666666666665,57.225,100.48,58.615,118.05666666666669,76.94333333333334,62.7325,58.335,75.5875,193.65,52.38,92.4625,79.755,56.9175,45.21333333333334,37.22,55.75333333333333,233.82666666666668,70.55666666666666,40.315
76,38.465,61.04666666666666,79.83,55.07,38.2,53.09666666666666,72.8575,104.1325,77.505,99.42333333333332,84.37,92.7525,54.91,92.4775,138.26666666666668,61.34666666666666,77.9775,65.5675,70.7775,48.91333333333333,36.81,53.81,321.51,68.50333333333334,37.38
77,39.25,52.85333333333333,64.32666666666667,53.11333333333332,39.045,49.65333333333333,56.275000000000006,104.3675,60.015,66.1,113.57,74.2075,61.065,64.6425,102.36,64.68333333333334,77.33,70.94,51.455,49.84333333333333,37.515,41.24,202.54,55.51,36.645
78,38.645,68.43666666666667,69.39333333333333,52.99666666666667,38.28,57.836666666666666,71.865,100.5925,93.795,60.42333333333334,98.52,116.6275,70.2425,110.815,150.86333333333334,61.10999999999999,112.595,98.4975,89.35249999999999,50.656666666666666,36.805,53.91,167.4466666666667,52.53,39.395
79,37.34,55.01,63.94666666666666,50.870000000000005,36.335,53.99333333333334,50.807500000000005,102.265,67.8375,51.55,111.92666666666666,89.405,67.70750000000001,81.8125,147.18,65.46333333333332,91.06,95.2625,46.885,41.75666666666667,37.935,53.10333333333333,206.22333333333336,48.32666666666668,38.36
80,37.120000000000005,73.88,63.77666666666667,51.25,36.775000000000006,59.14666666666667,74.58500000000001,135.18,91.475,60.25333333333333,136.90666666666667,87.18,67.63,93.025,250.81666666666663,69.82333333333334,110.355,90.5925,104.8125,50.69333333333333,37.445,45.78333333333333,86.46999999999998,55.45,38.705
81,35.69,66.40333333333332,74.40333333333334,53.88,37.675,53.49666666666667,54.965,109.9975,53.715,54.21,100.42666666666666,75.66,64.035,84.82750000000001,367.6666666666667,76.64333333333333,80.09,66.83250000000001,58.0125,46.04333333333333,38.225,59.56,164.98,68.90666666666667,37.46
82,37.195,67.06666666666666,73.71999999999998,50.56666666666666,38.83,59.88,55.0675,149.6825,58.1475,62.66,124.10666666666668,80.61500000000001,61.190000000000005,81.61250000000001,176.02,65.71666666666667,70.14250000000001,90.04750000000001,55.0225,71.80333333333333,38.760000000000005,59.53333333333333,201.94000000000003,59.94333333333333,40.16
83,37.81,63.34666666666666,84.07333333333334,55.51333333333333,39.855,69.06333333333333,64.465,107.8275,66.405,57.57666666666668,143.51,95.12,63.465,122.6875,110.64666666666666,60.89333333333334,98.42,72.225,52.875,61.126666666666665,37.99,64.02,114.53666666666668,60.64333333333334,39.21
84,38.665,57.67666666666667,85.44666666666667,43.52666666666666,38.385000000000005,67.56,62.1675,120.2725,53.6925,62.91666666666666,126.46999999999998,70.67,61.955,105.1975,155.43333333333334,66.03,78.7625,83.25750000000001,52.8475,58.870000000000005,37.32,49.95000000000001,120.06,52.04999999999999,37.895
85,38.195,61.09333333333333,75.95666666666666,53.57,37.715,58.85333333333333,92.9975,121.925,67.2575,65.52,116.94666666666669,81.3175,55.625,139.9325,180.73,77.82000000000001,103.6225,76.5575,91.205,68.66000000000001,37.675,48.68000000000001,117.45,59.50999999999999,38.915
86,38.885000000000005,76.08666666666666,86.02666666666666,52.10999999999999,36.865,48.81333333333333,56.0575,226.585,63.535,48.99666666666667,105.26333333333334,79.19749999999999,67.485,87.86500000000001,159.26333333333335,73.02666666666667,85.715,75.1675,50.2,51.93333333333334,37.985,45.35333333333333,190.0,43.48666666666667,37.855
87,38.47,64.33333333333333,65.58333333333333,51.403333333333336,37.825,52.96333333333334,92.46,251.49,96.2675,71.06,128.02666666666667,123.8175,66.695,152.70999999999998,248.22000000000003,88.46333333333332,122.795,70.10249999999999,69.5025,61.21,37.755,48.68666666666667,148.83333333333334,44.133333333333326,37.07
88,38.85,57.51,81.75333333333334,52.15,36.99,42.85666666666666,72.86,127.8325,61.145,49.16,176.14333333333337,75.9275,75.11,122.1225,150.66333333333333,85.49000000000001,84.4625,64.57,54.7725,61.71,36.21,46.0,219.77,53.98,39.97
89,38.825,66.02666666666667,68.58666666666666,47.56666666666667,36.165,56.28666666666667,72.16999999999999,163.1675,99.045,63.883333333333326,119.35666666666668,98.21,84.05749999999999,134.79500000000002,93.42666666666666,71.68333333333332,78.4025,75.7125,72.7925,88.01333333333334,37.39,53.36333333333334,161.74666666666667,61.806666666666665,37.945
90,39.05,62.26666666666667,68.92666666666666,51.07,35.535,45.72666666666667,59.9525,129.89999999999998,87.8275,54.45333333333334,114.39,84.7925,88.29500000000002,97.845,113.25,83.65333333333332,72.155,68.78,62.7825,61.05666666666667,38.675,48.92,142.45666666666668,75.14333333333333,38.855
91,38.31,55.82,89.83666666666666,48.696666666666665,38.665000000000006,50.27,73.8375,270.085,79.0975,60.59666666666666,102.42,85.22749999999999,91.575,112.99,206.05,90.91,84.195,91.8675,56.845,58.906666666666666,37.565,44.18,176.13666666666666,64.33333333333334,37.120000000000005
92,37.85,65.43,69.51333333333334,60.94333333333333,38.19,45.75,89.74249999999999,122.4925,90.995,47.85,132.48999999999998,123.1025,78.7375,123.6575,194.38666666666663,88.21666666666665,101.295,86.69500000000001,65.42,61.71333333333333,38.165,59.73333333333334,170.45,72.04666666666667,38.545
93,38.725,54.39333333333334,80.64666666666666,45.23666666666667,38.69,51.48666666666666,61.575,127.3175,63.295,53.99666666666667,136.48666666666668,72.4225,77.7725,108.17,276.0933333333333,71.88666666666667,78.36249999999998,97.9825,55.2325,71.40666666666667,37.775,49.26666666666667,88.31,48.51666666666667,39.25
94,38.605,60.806666666666665,120.04333333333334,57.99,38.27,44.67,88.06500000000001,198.78,146.185,54.91,134.13666666666666,109.64,77.2175,106.4575,158.28333333333333,81.85666666666667,85.07,93.3825,62.6725,112.30666666666669,38.43,46.333333333333336,199.82666666666668,47.44333333333333,38.05
95,36.84,83.97333333333334,73.90666666666667,56.59,38.645,52.39666666666667,63.31,140.01250000000002,92.9175,62.833333333333336,188.95666666666668,95.29,84.605,97.58,287.75,72.49000000000001,82.01,98.0375,49.7475,171.20666666666668,37.435,50.376666666666665,354.93666666666667,55.80666666666667,38.17
96,39.235,100.83666666666666,85.92333333333333,48.35333333333333,38.61,57.616666666666674,89.99249999999998,105.0275,107.3525,53.16333333333333,148.71,94.1125,76.94500000000001,122.86,191.58,72.64999999999999,98.76250000000002,102.635,108.6575,128.17333333333332,37.995000000000005,66.36,157.22666666666666,55.70666666666667,38.245000000000005
97,36.44,60.88666666666666,196.72,50.48666666666666,37.635000000000005,47.946666666666665,57.087500000000006,113.31,76.48249999999999,42.05,123.18666666666668,98.81,86.65,112.6725,214.32,77.33666666666667,71.09,83.77999999999999,47.1225,109.68666666666668,37.705,67.09666666666668,169.09,77.42666666666668,39.565
98,38.23,73.46666666666665,110.99333333333334,61.10666666666666,37.63,49.05666666666667,66.5875,163.74,133.48250000000002,73.54333333333334,111.74,98.145,93.0625,84.4525,242.5066666666667,56.09666666666666,82.26499999999999,112.3325,59.2125,140.76666666666668,39.605,44.77,140.75666666666666,57.42,37.985
99,36.375,50.09,101.28666666666668,49.61666666666667,38.495000000000005,46.86666666666667,56.25,123.1825,136.47,53.98999999999999,189.25,110.065,68.44999999999999,106.0075,257.5433333333333,50.82333333333333,97.115,96.195,54.3625,131.19333333333336,36.965,44.24333333333333,216.59,55.65,36.78
100,37.275000000000006,45.36333333333334,105.13666666666666,46.696666666666665,38.585,50.1,69.58,226.28500000000005,85.065,58.49666666666667,135.16666666666666,113.64,70.2775,120.6,156.87,58.44333333333333,64.4,83.2425,62.1375,114.2,38.55,55.93666666666667,164.64333333333337,41.78333333333333,38.94
101,36.175,49.28666666666667,126.01666666666664,49.46333333333333,40.71,44.21333333333333,75.855,118.5475,101.72,51.72666666666667,158.7566666666667,139.6025,64.085,156.4025,138.05999999999997,54.98333333333333,81.3175,75.6,55.315000000000005,91.44,37.89,57.85999999999999,144.21666666666667,53.00333333333333,37.54
102,36.55,49.00666666666666,101.49666666666668,43.42333333333334,39.075,43.71333333333333,69.3125,123.48,118.8375,52.796666666666674,101.32333333333334,88.9125,69.32,79.6525,176.08333333333334,52.52666666666666,66.99499999999999,109.215,55.2675,83.49333333333334,38.415,45.64666666666667,112.15333333333336,48.59,39.005
103,39.975,52.04666666666666,157.02666666666667,57.57666666666668,37.510000000000005,51.91,65.16749999999999,115.2225,175.1625,49.473333333333336,153.71666666666667,90.91,62.52,129.3025,182.2633333333333,69.25666666666667,68.26,99.96,62.1275,82.24333333333334,37.835,49.8,166.33666666666667,52.77,38.98
104,38.045,63.373333333333335,82.45,54.42666666666667,37.21,49.92,48.7375,98.1425,79.1625,49.70666666666667,120.57666666666668,76.985,72.6075,116.34,173.81000000000003,48.34666666666667,57.455,95.92,57.335,82.97333333333334,37.17,43.03333333333333,201.66,50.77,37.71
105,36.665,52.43333333333333,98.06,41.96333333333333,39.11,41.11333333333334,68.2325,99.58,102.3425,55.86333333333334,102.50333333333332,110.09,58.195,127.23,150.30666666666664,52.24333333333333,94.2325,128.76250000000002,64.565,103.43666666666668,39.03,52.21333333333333,193.3,52.23333333333333,39.695
106,37.505,50.26000000000001,107.16,45.79333333333333,37.89,42.71666666666667,48.77250000000001,100.7375,79.88499999999999,49.67,150.21666666666667,83.745,62.61,82.6675,288.1133333333333,49.16333333333333,64.0175,99.56,55.8525,81.48333333333333,40.82,50.17333333333334,171.02666666666667,51.51666666666667,42.225
107,36.85,58.693333333333335,116.75,40.57666666666668,35.585,58.626666666666665,60.19499999999999,100.86,92.1175,47.46333333333333,144.68,101.0525,83.7375,84.745,204.40666666666667,63.03666666666667,62.10999999999999,75.97,81.2625,93.32,38.290000000000006,49.00333333333333,125.20666666666666,52.51666666666667,37.81
108,38.42,78.05333333333334,100.5,48.84333333333333,36.74,49.17666666666667,58.755,99.56,87.55250000000001,46.51,141.34,101.4475,72.91,82.695,214.85666666666663,50.836666666666666,63.355,83.48750000000001,54.67250000000001,92.65333333333332,39.875,56.36333333333334,147.31,60.76999999999999,36.74
109,37.61,57.25333333333333,83.82,51.60333333333333,37.825,51.99333333333333,60.145,137.42000000000002,104.205,52.71,93.56666666666666,89.505,67.5275,93.1675,230.9333333333333,45.75,64.545,122.145,60.105,138.81,40.985,43.64333333333334,165.27,67.84666666666666,42.65
110,38.385000000000005,50.78333333333333,89.75666666666666,49.02333333333333,37.6,44.14666666666667,68.8925,118.6325,83.29249999999999,51.446666666666665,116.57,101.96,63.0825,118.1225,180.57333333333332,69.86999999999999,76.7075,105.9175,64.9775,288.48,39.095,51.656666666666666,132.94333333333336,72.79666666666667,39.06
111,38.115,51.41333333333333,88.71,50.71333333333334,38.195,47.973333333333336,52.7525,162.1875,98.475,51.086666666666666,163.91666666666666,98.53,82.5475,98.315,102.81333333333332,44.11333333333334,61.8025,133.855,50.66,65.62333333333333,37.81,58.00666666666667,109.09333333333332,81.99,38.99
112,38.3,52.66,109.26666666666668,63.76333333333334,39.265,49.35666666666666,70.42500000000001,148.32,114.4125,66.99666666666667,193.3633333333333,130.67,84.07249999999999,157.8725,119.13666666666666,52.50333333333333,94.6475,93.9975,53.645,82.23666666666666,37.785,59.98333333333333,136.14666666666668,76.33333333333333,38.28
113,38.05,53.57666666666666,84.17666666666666,50.76666666666666,38.4,50.43666666666667,51.5275,165.705,120.85,50.78,128.24333333333334,106.515,80.41,101.0275,214.47333333333336,50.806666666666665,64.67,114.1225,47.63999999999999,81.69333333333333,37.005,66.81,410.2433333333334,58.63,39.755
114,37.455,81.13000000000001,78.91666666666667,56.830000000000005,39.935,52.31,66.49,154.4175,119.0925,61.70666666666667,113.46666666666664,152.38,85.95250000000001,155.3025,186.07333333333332,52.31333333333333,87.925,138.865,93.14,69.02666666666666,37.64,64.24333333333333,176.71666666666667,80.55,38.88
115,40.495000000000005,62.49666666666667,88.41000000000001,44.17666666666667,37.900000000000006,55.89333333333334,64.4575,128.6875,88.79499999999999,52.97666666666667,161.02333333333334,178.065,87.3775,152.1975,212.16666666666663,44.43000000000001,75.2525,138.37249999999997,58.89,79.15333333333332,39.2,58.196666666666665,171.00666666666666,81.8,39.94
116,37.755,83.67,145.95333333333332,46.36000000000001,38.715,65.07,75.575,193.4825,136.965,61.93666666666667,116.8,144.87000000000003,89.9,120.6525,141.52,63.17333333333334,97.015,109.585,81.5875,87.58333333333333,38.57,57.96,161.70666666666668,60.56,38.235
117,36.315,65.69333333333333,166.63666666666668,50.95,38.175,43.69333333333333,58.05,146.4,110.8775,61.34,142.20666666666668,178.785,78.09,114.71,157.45333333333335,61.71,76.46249999999999,134.8725,49.31,74.40333333333332,39.125,63.45666666666667,180.02333333333334,57.29,38.41
118,38.53,54.28,108.31333333333332,57.60666666666666,38.47,65.83999999999999,56.5025,171.705,105.015,58.49333333333334,110.20333333333332,149.14499999999998,82.6625,127.4675,175.17,75.37,79.875,160.41,69.50750000000001,73.18,39.04,53.86333333333334,186.4333333333333,64.81333333333333,37.24
119,37.97,65.79333333333334,133.65333333333334,55.96,37.995000000000005,61.97666666666667,73.57,140.71,111.3325,64.5,121.79,169.925,75.2625,143.3225,132.73999999999998,69.79,96.335,105.2075,59.89,63.376666666666665,38.115,56.97,199.82,57.873333333333335,38.895
120,38.205,58.28,126.41333333333334,45.19,37.85,68.15666666666667,57.105,153.72250000000005,95.295,60.79333333333333,102.25666666666666,135.0825,84.35749999999999,131.5025,142.5633333333333,62.21666666666666,62.985,130.07500000000002,58.71,69.81666666666666,39.775,62.24333333333333,272.37,50.88,38.29
121,36.535,69.11333333333333,143.15333333333334,55.29999999999999,36.85,60.53666666666667,84.53500000000001,104.6725,154.0975,57.88333333333333,155.63666666666666,165.93,70.4975,200.69,108.42,67.33999999999999,90.0525,107.16,76.685,78.02666666666666,36.675,74.45333333333333,199.9033333333333,53.60333333333333,38.900000000000006
122,39.315,60.79,87.16666666666667,47.73666666666667,38.09,47.42666666666667,64.28,98.9675,94.5875,53.34333333333333,132.91,98.14,70.57,213.1275,193.16,61.120000000000005,64.44,118.43,57.4425,98.63333333333333,38.415000000000006,50.81999999999999,110.65666666666664,63.86000000000001,36.585
123,39.14,70.95333333333333,96.19,66.29666666666667,37.235,64.83,117.1075,95.5375,156.3075,63.19666666666666,118.1133333333333,177.01,99.945,177.60500000000002,129.88333333333333,74.16666666666667,81.22,112.77,110.97,133.80333333333334,39.33,52.043333333333344,115.25333333333332,71.48666666666666,36.785
124,36.715,66.61333333333333,104.79666666666668,59.51666666666667,37.255,47.48666666666667,66.035,167.475,89.5975,57.28666666666667,131.76333333333335,142.51,84.8825,125.5525,175.25666666666666,53.88666666666666,82.06249999999999,108.26,58.80500000000001,111.81,37.04,42.56666666666666,212.6333333333333,58.27,38.39
125,39.895,58.303333333333335,203.61333333333332,50.26,39.68000000000001,53.723333333333336,86.66,147.0375,84.2825,73.40333333333332,113.50333333333332,129.985,93.55249999999998,145.625,701.0133333333333,51.723333333333336,91.795,139.395,80.33500000000001,119.87,37.88,58.82666666666668,478.8766666666667,54.04,38.475
126,40.24,55.92000000000001,160.77333333333334,59.93666666666667,38.005,44.85,80.425,106.565,83.42750000000001,48.24666666666667,139.22666666666666,115.4325,79.1875,120.9925,136.42,51.27,62.3125,102.4225,66.7025,107.56666666666666,36.46,52.47333333333333,158.76,65.29333333333334,39.455
127,39.585,52.99666666666667,140.66333333333333,50.24,39.28,49.51666666666667,88.16499999999999,102.6575,79.6375,51.44,100.01,121.54,72.5325,138.85,182.84666666666664,61.21333333333333,64.67250000000001,127.765,81.86500000000001,213.00333333333333,36.485,57.24333333333333,174.16333333333333,59.99666666666667,38.505
128,38.535,50.56999999999999,118.11333333333334,55.04333333333333,36.92,51.03,89.85249999999999,123.1825,108.1175,60.53666666666667,136.44333333333333,185.85,69.6225,156.9275,201.83333333333331,50.77333333333333,84.2075,104.0025,98.105,210.30333333333337,37.72,68.78333333333335,231.50000000000003,57.67,38.42
129,38.84,49.74666666666667,75.10666666666667,54.75666666666666,36.405,46.97333333333333,78.64,158.98,102.8575,53.07333333333333,139.71666666666667,200.2975,85.855,254.0925,127.69,49.41,56.14000000000001,157.285,84.5475,203.8066666666667,38.595,44.50666666666667,351.64000000000004,57.05,38.175
130,38.96,58.63666666666666,107.40666666666668,49.32,38.26,63.42666666666667,109.605,122.3225,132.21750000000003,55.083333333333336,305.2,91.2625,60.39,124.7775,90.52333333333333,53.03,76.7075,116.2775,118.5825,127.73666666666668,37.165,50.876666666666665,205.28666666666663,81.25333333333333,41.565
131,37.66,50.10666666666668,135.85666666666663,51.95,36.98,56.03666666666667,63.78,105.06,77.33,49.39333333333334,124.59666666666668,73.785,67.655,101.2675,130.3733333333333,53.39333333333334,72.02,137.4525,89.77250000000001,137.94,37.99,56.080000000000005,193.71666666666667,74.32333333333334,36.37
132,37.395,62.620000000000005,130.17666666666665,56.75666666666666,36.08,45.75333333333333,118.695,109.23,103.8525,59.63,106.05333333333331,119.75,65.6825,171.10250000000002,119.19666666666666,54.13666666666666,81.0975,134.87,106.5725,205.81333333333336,40.77,83.21666666666667,175.57666666666668,58.26333333333333,38.175
133,38.785,50.43333333333334,97.03000000000002,64.28333333333333,38.235,40.25,60.905,99.2275,84.035,58.94666666666668,241.7833333333333,102.2575,75.435,105.715,249.1233333333333,47.45,72.195,149.44750000000002,82.25,193.59333333333333,38.615,67.85000000000001,164.17666666666665,56.083333333333336,38.8
134,39.055,58.24333333333333,135.45666666666668,51.36333333333334,36.120000000000005,59.72666666666667,94.915,121.8425,111.475,56.196666666666665,277.8233333333333,101.8475,68.8725,115.015,349.92333333333335,55.16333333333333,86.755,111.16,94.4425,198.79666666666665,36.72,60.623333333333335,243.86666666666667,45.14333333333334,38.53
135,38.835,63.35,117.75,52.06666666666666,36.805,49.13666666666666,52.4825,123.275,94.14,68.78333333333333,122.17333333333332,104.35,60.11,115.495,222.2833333333333,49.72,129.7625,93.8875,76.195,244.72000000000003,37.615,79.81666666666666,196.56,48.8,38.455
136,38.065,61.65,93.03666666666663,47.806666666666665,37.02,48.10666666666666,58.3225,130.1475,116.9825,50.086666666666666,99.11666666666667,105.48,71.37,103.3475,176.95000000000002,60.70666666666667,58.572500000000005,152.85250000000002,105.225,280.74,38.785,92.15,159.15666666666667,55.20666666666667,38.455
137,38.82,77.57333333333334,190.88,63.69,40.115,61.56999999999999,94.785,117.1725,115.6675,52.153333333333336,141.09333333333333,115.06,62.0475,162.9325,234.9,61.68,77.835,146.45,99.5875,197.4033333333333,37.345,101.84666666666664,109.42333333333332,62.080000000000005,38.48
138,37.745000000000005,78.35666666666667,210.84,48.88999999999999,38.24,76.59666666666668,60.515,115.15,91.6625,48.95666666666667,168.41333333333333,123.9825,66.86,149.905,193.19,46.74333333333333,80.03999999999999,148.2075,83.00750000000001,110.37666666666668,38.93,80.14,225.23,62.34,38.260000000000005
139,37.805,72.84333333333333,195.41666666666663,42.66333333333333,39.255,74.40999999999998,109.7275,125.53,117.8125,57.16,208.84,163.59,68.14,142.9975,191.91666666666663,50.86666666666667,106.1275,188.8825,126.785,160.25,38.195,79.43333333333334,178.57666666666668,61.98,38.34
140,40.355,64.72,126.15,44.36666666666667,40.195,46.01333333333334,58.2175,143.13,86.8425,52.53,153.98000000000002,110.8275,74.785,97.2975,129.52666666666667,46.56333333333333,72.92500000000001,182.9125,77.7625,173.28333333333333,39.645,100.45,187.47666666666663,72.07333333333334,37.835
141,37.47,80.13000000000001,131.38666666666668,61.02333333333333,37.475,66.42333333333333,88.72999999999999,103.0275,94.9275,53.830000000000005,130.25333333333333,151.1525,68.1575,131.6375,105.86333333333332,55.93000000000001,115.12,158.71,127.7475,136.78333333333333,38.465,118.81333333333332,111.39333333333332,82.71,38.815
142,36.595,56.18000000000001,177.2733333333333,77.08666666666667,39.56999999999999,51.45333333333334,76.1575,119.6175,100.185,46.92,90.38,113.2825,67.4825,103.7275,99.16,53.07333333333333,75.8425,105.0,67.2675,118.96999999999998,38.565,70.76333333333334,146.79000000000002,70.06,38.64
143,37.915,50.9,100.08,42.41,38.725,52.73,118.8075,105.4325,90.92,64.61333333333333,90.08666666666666,124.63750000000002,80.64,114.4725,119.50666666666666,59.63,98.73,110.2925,75.84,115.22666666666667,39.42,75.86,409.62000000000006,69.47,38.67
144,38.760000000000005,56.29333333333333,124.04333333333334,44.47,36.495,41.63333333333333,86.5675,118.1525,85.66,48.156666666666666,171.08666666666667,104.26250000000002,75.5625,132.7375,122.38333333333333,49.82,78.31,121.61,68.6125,115.27,38.08,80.0,129.72666666666666,50.03333333333333,37.235
145,36.425,54.35333333333333,87.72333333333334,51.7,37.58,56.05,79.7725,235.55,122.1425,52.38,114.42333333333332,90.05499999999999,92.275,104.0075,144.76666666666668,46.70333333333334,84.91499999999999,158.945,93.605,142.35,37.725,65.90666666666668,104.33333333333331,50.676666666666655,37.835
146,38.145,54.86000000000001,130.59666666666666,58.38333333333333,36.93,54.46666666666666,53.565,147.765,101.8525,65.03666666666666,114.08666666666666,177.0875,71.9775,135.935,157.75333333333333,57.60333333333333,124.3975,133.8125,83.5725,95.73,37.865,53.74666666666667,119.04333333333334,50.79666666666666,37.78
147,37.685,55.13999999999999,128.83,44.35333333333333,38.71,42.62666666666667,55.53,115.435,107.23,59.36000000000001,85.76333333333332,112.835,85.26249999999999,108.1075,220.51,50.81333333333333,102.3475,126.6425,92.7525,90.71,36.635000000000005,47.77666666666666,281.17,54.18666666666667,37.120000000000005
148,36.985,51.35333333333333,123.23333333333332,57.19666666666666,37.295,46.906666666666666,92.1275,101.2775,144.11249999999998,60.32,129.17,204.1125,63.7625,190.3525,198.18666666666664,63.53333333333333,165.115,146.235,147.46,84.12666666666667,36.6,58.07,182.43000000000004,53.73,36.115
149,36.735,53.86333333333334,122.38,52.71333333333333,39.565,48.75666666666667,55.15,137.9025,84.64,67.67,109.95,144.1575,67.3375,136.70999999999998,203.94333333333336,57.193333333333335,99.7925,162.19500000000002,84.1525,76.02333333333333,37.05,51.05666666666667,187.9233333333333,51.96666666666667,38.22
150,37.395,52.28666666666667,197.68333333333337,52.31999999999999,40.335,46.32666666666668,73.495,135.6,120.56,51.4,107.72,184.3125,64.51,161.525,149.93,50.64000000000001,277.0,217.31500000000003,120.735,110.37666666666668,38.47,61.56333333333333,154.00666666666666,63.31,38.685
151,40.075,61.67666666666667,148.72,44.56999999999999,38.285,40.24666666666666,48.945,119.4975,96.3175,46.23,148.66,118.5725,61.9975,175.88,180.63,45.13333333333333,120.64,136.1125,84.1575,80.11333333333333,36.075,65.67666666666666,267.3066666666667,46.56,38.32
152,37.205,54.46333333333333,102.49666666666668,53.31666666666666,39.3,44.36000000000001,74.77,98.7475,123.0775,58.54,172.79333333333332,107.6325,67.8625,136.35250000000002,355.3666666666668,57.383333333333326,183.3475,118.07,114.5575,149.16,35.900000000000006,51.64333333333334,283.93666666666667,49.25333333333333,37.175
153,38.98,55.32333333333333,120.32,45.51666666666667,39.065,45.30333333333334,67.69,99.40749999999998,82.2975,62.26666666666667,175.75666666666666,149.4775,61.535,157.6675,185.9433333333333,63.28,123.3325,122.2325,102.465,112.56,36.755,53.26,269.5366666666667,60.79333333333333,37.425
154,38.285,51.41333333333333,198.9433333333333,45.81333333333333,37.185,60.796666666666674,59.815,140.52,86.64,46.34666666666666,94.40999999999998,126.3725,74.0,172.375,218.04666666666665,56.00333333333333,144.41500000000002,154.54250000000002,101.0675,122.67,36.004999999999995,58.61666666666665,271.88,65.77666666666667,37.785
155,38.08,54.29333333333333,175.26,58.02333333333333,35.95,52.50666666666667,61.94,118.935,102.54500000000002,52.42666666666667,123.06666666666668,142.4975,60.595,148.75,173.83,57.78333333333333,132.0625,159.36999999999998,138.3675,164.23333333333332,41.975,91.56666666666666,323.1666666666667,80.02,39.285
156,39.03,68.96,227.8766666666667,53.92666666666667,36.63,44.63333333333333,50.1125,150.0875,114.3525,52.27333333333333,103.69,120.18999999999998,65.915,172.3875,153.79333333333332,52.28,118.815,160.98250000000002,119.475,93.08,39.97,80.58,298.3,62.50666666666667,39.22
157,38.175,59.78333333333333,164.66,50.79333333333333,37.260000000000005,46.56666666666666,71.41,117.0775,137.0375,51.50666666666667,165.48666666666665,153.19,59.255,166.7225,154.96333333333334,51.82333333333333,225.1,119.635,141.7975,184.79666666666665,37.235,74.96,164.39333333333337,54.553333333333335,36.88
158,38.095,72.21333333333332,141.10333333333335,39.123333333333335,38.81,48.21,52.6,154.60750000000002,88.9925,54.203333333333326,119.3,117.19,80.88,143.9725,162.27,58.81666666666666,147.775,120.76250000000002,97.055,91.89333333333332,38.0,162.15666666666667,173.42,59.193333333333335,38.89
159,38.565,155.00666666666666,207.63,59.60999999999999,38.355,49.68000000000001,67.1675,135.8025,96.7925,59.27,110.61333333333334,132.7425,62.0125,211.0425,239.56333333333336,63.806666666666665,153.6575,114.7975,174.28500000000005,119.85,36.31,378.76,165.66333333333333,63.116666666666674,38.85
160,38.29,57.556666666666665,167.15666666666667,48.69,37.07,44.876666666666665,52.295,176.11999999999998,90.38,53.73333333333333,108.54333333333334,110.7925,57.4175,329.33,307.15333333333336,47.11666666666667,147.7425,95.18,131.42,113.55666666666669,37.845,145.11333333333334,170.14333333333337,61.79999999999999,39.41
161,37.125,65.73,97.03333333333332,56.96,36.77,47.91333333333333,62.4725,144.345,105.2925,67.42333333333333,120.81333333333332,112.66,82.85249999999999,238.7725,169.77,57.21,194.7,158.0925,206.185,103.88,38.865,142.21666666666667,190.32,71.45666666666666,39.235
162,36.755,62.27333333333333,149.90666666666667,41.86333333333334,39.115,40.53,52.345,131.48,103.7975,68.28666666666668,165.0,98.685,65.0275,109.035,146.00333333333333,52.32666666666668,148.685,121.9075,142.805,122.24666666666668,37.735,114.96333333333332,172.31999999999996,89.60000000000001,37.07
163,39.115,57.66333333333333,239.21000000000004,49.38666666666666,38.195,47.79,67.35,164.2675,95.31,53.78666666666666,151.03,105.1225,86.51,135.6,154.09666666666666,61.72666666666666,138.545,184.6775,230.7975,148.33,39.955,98.91666666666669,201.84666666666664,99.07333333333332,40.735
164,38.18,59.586666666666666,141.81333333333333,54.02333333333333,39.03,52.27,82.3675,158.1675,108.3,50.85,147.35,144.745,69.29,185.9775,222.44,81.59666666666666,314.0975,162.315,151.82,162.32333333333335,37.405,153.0,146.32666666666668,108.45,36.76
165,37.36,58.16666666666666,131.38,43.82666666666668,39.43,51.93666666666667,62.71,143.4525,83.195,48.46,168.27333333333334,115.285,74.7975,145.11,200.9333333333333,56.720000000000006,202.04,147.9225,106.41,227.89333333333332,38.625,104.01,215.6266666666667,70.53333333333335,38.040000000000006
166,37.675,72.24666666666667,110.76333333333332,44.86666666666667,38.540000000000006,72.29666666666667,96.855,147.17499999999998,104.935,64.07000000000001,158.60666666666663,119.06,72.825,196.6425,188.85,58.77,192.6825,151.25,224.9225,187.78333333333333,37.55,153.60666666666668,193.63,66.48333333333333,37.61
167,40.25,69.11333333333333,165.56666666666666,42.60333333333333,39.705,48.616666666666674,60.115,129.0875,103.69,57.42333333333334,154.63,146.585,85.74249999999999,196.235,150.92333333333332,64.76666666666667,244.1625,135.78,139.7575,100.20333333333332,39.43,214.42666666666665,124.39666666666668,54.06,37.13
168,38.795,61.67666666666667,151.57666666666665,49.60666666666666,37.78,57.626666666666665,85.52250000000001,113.965,145.04250000000002,55.75666666666667,180.01666666666665,131.2925,118.85,143.76999999999998,169.32333333333335,63.27666666666666,310.64500000000004,202.1175,169.3625,158.80666666666664,38.005,164.62,172.03333333333333,66.48666666666666,36.955
169,37.935,63.35333333333333,197.35,45.18333333333334,37.64,44.156666666666666,70.12,111.91,109.8625,72.97666666666666,82.92,268.6625,88.1775,132.0925,369.0233333333333,58.18333333333334,456.0825,164.4875,166.6675,127.37333333333332,37.675,115.13,152.36999999999998,71.29666666666667,36.93
170,39.415000000000006,46.42,159.13333333333335,63.553333333333335,38.71,56.20333333333334,97.185,207.505,129.88,74.85666666666667,101.37666666666668,143.39999999999998,73.4075,159.0625,218.05333333333337,58.00666666666667,284.7325,312.6425,299.265,199.2733333333333,38.985,145.11,134.41666666666669,60.91666666666666,36.955
171,38.45,52.57666666666666,181.35333333333327,56.81666666666667,37.6,56.76,84.20750000000001,177.975,97.3425,69.83333333333333,141.41666666666666,222.5475,63.33749999999999,151.865,230.56000000000003,57.446666666666665,320.52,238.1975,226.335,177.08,37.675,193.14,125.74333333333334,90.73666666666666,37.905
172,39.540000000000006,52.04333333333333,142.26666666666668,48.79333333333333,37.15,53.053333333333335,87.71249999999999,242.31,350.86749999999995,123.08,171.56333333333336,178.7225,70.4025,119.7925,312.06,49.78666666666667,241.8025,165.0625,263.9975,188.71,38.005,141.72333333333333,224.53333333333333,51.26333333333333,39.305
173,39.03,59.72666666666667,250.34,66.94666666666667,40.635000000000005,49.52666666666666,116.7725,121.86,296.0475,80.95333333333333,168.83333333333334,202.2375,73.935,130.88,191.45,54.52666666666666,260.62,206.5175,143.7525,222.55666666666664,38.525,218.19,361.56666666666666,56.30666666666667,37.885
174,38.365,73.66333333333334,308.03333333333336,42.93666666666667,39.825,47.36666666666667,126.825,115.9225,130.3125,64.98333333333333,159.44333333333336,246.82,81.49000000000001,153.0075,181.34,78.01,254.94000000000003,168.43,242.5175,193.03,36.56,194.9033333333333,697.5866666666666,54.06333333333333,37.685
175,39.04,61.336666666666666,138.29,44.22,37.925,47.656666666666666,166.935,89.505,177.16750000000002,71.01666666666667,126.07666666666664,240.21,76.12,153.6325,194.98666666666668,81.25666666666667,735.6800000000001,187.31500000000003,145.87,388.6433333333334,36.945,374.5799999999999,473.0433333333333,73.62333333333333,39.655
176,39.17,50.84,128.95666666666668,47.99333333333333,38.365,47.553333333333335,124.67000000000002,121.93999999999998,95.3825,67.19333333333334,184.17,202.175,66.30250000000001,206.39,150.26333333333335,99.48333333333332,428.515,143.98,135.2575,142.25,38.22,518.9066666666666,278.53000000000003,48.653333333333336,38.71
177,38.84,53.18666666666667,153.19,59.196666666666665,37.675,63.836666666666666,236.1575,194.055,191.735,109.02666666666669,222.0233333333333,147.7425,66.53,220.3325,127.65999999999998,128.96,699.61,213.12,245.51,186.50666666666663,39.59,323.82666666666665,135.02666666666667,48.53333333333333,37.25
178,39.445,61.35333333333333,154.28333333333333,51.7,36.68,43.82666666666666,109.0275,171.52,109.4475,54.06333333333333,299.5166666666667,170.9875,75.5825,139.9225,138.67333333333332,145.68333333333334,671.3425,153.205,240.3925,185.89666666666668,38.290000000000006,157.1966666666667,161.98666666666668,58.57999999999999,36.39
179,38.03,59.73,105.58666666666666,42.26,37.645,46.00333333333333,107.8825,186.395,134.07,66.55666666666667,197.47333333333333,212.7825,87.1175,152.335,207.2133333333333,151.04666666666668,450.11,1342.2624999999998,450.94000000000005,301.56,36.52,292.81,281.24333333333334,58.35333333333333,39.6
